timestamp,longitude,latitude,bird_id
2024-01-01,19.762872546757393,-25.009425798406816,99999
2024-01-02,18.718997305253758,-25.342939465952817,99999
2024-01-03,26.532466597930192,-31.8323889800733,99999
2024-01-04,15.14858564985487,-20.301761404906596,99999
2024-01-05,18.97930758029585,-24.59519947721462,99999
2024-01-06,15.772573268699237,-27.008494814636357,99999
2024-01-07,22.733096514439573,-24.15884279205998,99999
2024-01-08,17.562233333463812,-11.480155998700402,99999
2024-01-09,18.763789342704076,-22.163156493451105,99999
2024-01-10,23.593545057938737,-23.71494185630899,99999
2024-01-11,18.207698728798402,-21.593912861436934,99999
2024-01-12,21.34319035102931,-26.448918674326933,99999
2024-01-13,21.035847782481085,-24.3344658921988,99999
2024-01-14,21.612332361235925,-22.738861497709152,99999
2024-01-15,24.935320502960817,-26.26311825197219,99999
2024-01-16,19.307626011388336,-9.851980741668807,99999
2024-01-17,22.23105597464131,-20.471702626720575,99999
2024-01-18,17.654452823536516,-27.723676969224435,99999
2024-01-19,17.75613222826807,-19.55541107069284,99999
2024-01-20,19.960691742312736,-28.4309451389853,99999
2024-01-21,22.266755154067212,-26.61268122869015,99999
2024-01-22,21.717020045660682,-18.999359224700456,99999
2024-01-23,20.919439806892445,-17.86324724105303,99999
2024-01-24,18.964635889132744,-23.593027469021315,99999
2024-01-25,25.309119280162538,-27.236694428572086,99999
2024-01-26,19.471992490466196,-23.275621540480586,99999
2024-01-27,16.234947007567893,-18.252652609003967,99999
2024-01-28,19.822433029250156,-18.53081990896691,99999
2024-01-29,21.588839447311397,-26.434485207791184,99999
2024-01-30,20.909723782998302,-17.508105681419725,99999
2024-01-31,18.96753264499298,-15.826160693723036,99999
2024-02-01,12.983687090169699,-9.425652112110914,99999
2024-02-02,20.6962905315697,-23.841241630808128,99999
2024-02-03,25.03130242494795,-26.929205295741703,99999
2024-02-04,19.005607599129387,-18.51217071942388,99999
2024-02-05,17.19083853241895,-25.726002336899956,99999
2024-02-06,23.342821677217433,-24.667530621440374,99999
2024-02-07,19.479579018779166,-23.429920163342032,99999
2024-02-08,22.532842903198315,-19.072818619035356,99999
2024-02-09,20.71030342719702,-20.845182448911345,99999
2024-02-10,18.72761887645729,-16.476400174208024,99999
2024-02-11,22.46137813199384,-22.79651272017327,99999
2024-02-12,19.69681367663383,-23.554328057890928,99999
2024-02-13,17.66341074097025,-17.308154878719023,99999
2024-02-14,25.032765604162172,-32.56820432624032,99999
2024-02-15,20.102316183443115,-24.041424680293424,99999
2024-02-16,19.184151908904383,-20.502955230878314,99999
2024-02-17,14.7377868668352,-23.193620850671802,99999
2024-02-18,25.271698314449264,-24.672711324532795,99999
2024-02-19,15.978584897062756,-23.81067916844914,99999
2024-02-20,19.27215287303533,-27.429082035716718,99999
2024-02-21,19.006603830315356,-22.16613818907645,99999
2024-02-22,21.243155445007357,-24.832206131178165,99999
2024-02-23,18.907945902576376,-20.48946696802138,99999
2024-02-24,20.02157809401317,-24.887896566325253,99999
2024-02-25,19.75866161169537,-20.811495771071385,99999
2024-02-26,16.18610744013825,-20.151392307853413,99999
2024-02-27,23.398531398197683,-24.583918205634642,99999
2024-02-28,25.014471685822418,-24.121402223854748,99999
2024-02-29,21.820893579354774,-15.207655340738134,99999
2024-03-01,21.754144150919256,-25.657847316000318,99999
2024-03-02,23.375249376789743,-23.306517159546527,99999
2024-03-03,20.042400934197595,-14.474954911636711,99999
2024-03-04,19.315557672152856,-22.479721668735227,99999
2024-03-05,16.16960335666714,-20.696524695724555,99999
2024-03-06,17.129612814925512,-20.86423787407799,99999
2024-03-07,18.953217390945373,-19.8218181943323,99999
2024-03-08,18.551841762367683,-24.56806287083342,99999
2024-03-09,22.228392044793296,-23.09707619340978,99999
2024-03-10,20.111477095372766,-17.472897511480255,99999
2024-03-11,24.84234855701949,-14.305381832134927,99999
2024-03-12,20.21386480422396,-23.677197814582513,99999
2024-03-13,25.44507896655426,-26.87694486666675,99999
2024-03-14,16.140810833412214,-17.740754418523046,99999
2024-03-15,22.5156282493085,-18.549061126804165,99999
2024-03-16,22.131191656576043,-20.47286068708126,99999
2024-03-17,16.876000409988144,-22.604661940766974,99999
2024-03-18,22.165709915503488,-16.706300495895825,99999
2024-03-19,16.738156763252615,-20.101690973862205,99999
2024-03-20,18.448107907019015,-26.26082167141064,99999
2024-03-21,22.42622702369187,-17.886504394214015,99999
2024-03-22,22.082955237725525,-19.586262429565153,99999
2024-03-23,21.91328762897965,-25.54110330853961,99999
2024-03-24,20.27543872653691,-28.42310921734786,99999
2024-03-25,18.37409856538243,-18.853528761133358,99999
2024-03-26,19.900083253243885,-16.79424158560133,99999
2024-03-27,16.531560909253578,-11.054323731431932,99999
2024-03-28,22.23232607853745,-27.883317785324603,99999
2024-03-29,24.19878098362269,-25.15106601597867,99999
2024-03-30,19.857138022750483,-22.134444268181905,99999
2024-03-31,22.365214606403477,-21.98670171558191,99999
2024-04-01,22.93828698599659,-23.277387465815494,99999
2024-04-02,17.866186313671744,-18.27563762301213,99999
2024-04-03,20.297200754751266,-26.390901695078675,99999
2024-04-04,19.477101707563506,-19.22419615933291,99999
2024-04-05,23.907005772074484,-17.990064830149663,99999
2024-04-06,17.84753929296272,-21.997964563178698,99999
2024-04-07,18.864989646769708,-17.861012717573438,99999
2024-04-08,10.744903390906362,57.218255247053726,99999
2024-04-09,14.04286409561009,57.67389166379533,99999
2024-04-10,10.685432803409974,54.80411030137084,99999
2024-04-11,11.767371455294509,56.04857711443768,99999
2024-04-12,12.272723081912622,56.93701247557507,99999
2024-04-13,9.727288094460741,55.68787692846794,99999
2024-04-14,9.919386555001145,57.10572772083692,99999
2024-04-15,11.897264136060908,55.931417788432,99999
2024-04-16,14.390301651682666,53.50670576860845,99999
2024-04-17,12.018009144654126,54.43945473434685,99999
2024-04-18,12.386653704512748,54.90375331148958,99999
2024-04-19,15.536107299340191,56.1922790332247,99999
2024-04-20,13.061949371864824,55.79236802377508,99999
2024-04-21,13.9235701830042,55.19222946229593,99999
2024-04-22,9.505809228904143,55.863196161244026,99999
2024-04-23,11.325398757263379,53.83983006477318,99999
2024-04-24,8.014327307758055,58.34244958186964,99999
2024-04-25,9.860706812836032,56.87527492341141,99999
2024-04-26,12.288385093591785,56.315667784013314,99999
2024-04-27,10.42811213298148,54.768523699205936,99999
2024-04-28,13.115245608287989,53.26366788684338,99999
2024-04-29,13.705905083987991,58.07770865485252,99999
2024-04-30,12.917232205549942,55.21702470809057,99999
2024-05-01,11.74268048955899,53.346285599155046,99999
2024-05-02,10.613648616041068,57.50769405202828,99999
2024-05-03,11.636727383363851,58.06386822787133,99999
2024-05-04,14.7053673057594,58.34112857668087,99999
2024-05-05,13.63082106730066,53.82614555170281,99999
2024-05-06,12.74365988988619,58.38253735910451,99999
2024-05-07,12.350139938465139,54.32855027084143,99999
2024-05-08,14.647205324331285,55.52407259587349,99999
2024-05-09,15.907252736188015,53.796242473279655,99999
2024-05-10,9.537436898307206,57.59016438845758,99999
2024-05-11,12.546535913369796,55.003448987260356,99999
2024-05-12,12.211021748052413,59.0707302605256,99999
2024-05-13,11.58660468977769,56.99186817380605,99999
2024-05-14,12.680066914622051,55.76456683383423,99999
2024-05-15,11.150208688559461,55.859213772606736,99999
2024-05-16,15.732515328824533,57.52678021218189,99999
2024-05-17,13.423937751302864,58.728287943415786,99999
2024-05-18,11.078726824232918,55.77955221811506,99999
2024-05-19,11.524362211735554,55.520007953398505,99999
2024-05-20,13.191467424068579,55.97649209406238,99999
2024-05-21,10.721735837225108,55.00556902068127,99999
2024-05-22,13.435792095802247,55.16247676118879,99999
2024-05-23,10.601781948745659,57.77677042963953,99999
2024-05-24,11.663839507961118,56.517105664046,99999
2024-05-25,13.449699613619092,56.943700559746304,99999
2024-05-26,11.321721038349565,54.65039526322318,99999
2024-05-27,15.534022808005362,53.91143645818917,99999
2024-05-28,13.520937610196023,57.35591796975245,99999
2024-05-29,9.519135200435523,55.04203998488634,99999
2024-05-30,13.050104233392133,56.05462293516567,99999
2024-05-31,12.293966901305229,57.022321389932024,99999
2024-06-01,13.257933095926617,57.04838943714496,99999
2024-06-02,12.746573662256893,56.910956490238284,99999
2024-06-03,27.48305420509882,1.6300081708871632,99999
2024-06-04,26.437689094441126,25.090119927583515,99999
2024-06-05,34.8434223521392,-11.512789760360384,99999
2024-06-06,18.244139640618847,13.371936655796038,99999
2024-06-07,29.364975380517887,13.972046184630917,99999
2024-06-08,32.32310802769262,-0.733310142580816,99999
2024-06-10,34.68293514610804,4.686665488277823,99999
2024-06-11,33.46942071106655,14.231210494421127,99999
2024-06-12,32.236990210623915,2.1430301579702893,99999
2024-06-13,31.294347792202057,12.580884368345354,99999
2024-06-14,22.033347233969103,14.645385168776059,99999
2024-06-17,30.639439801085313,2.8097573180389723,99999
2024-06-18,32.05536172066768,-0.6780710792947504,99999
2024-06-19,27.730450169285966,18.67635433937836,99999
2024-06-20,27.687986558439622,10.111571326822439,99999
2024-06-21,31.381778665854533,-9.380738267552472,99999
2024-06-22,33.110545809568535,3.5535282407047077,99999
2024-06-23,33.948153927213404,8.48920519375929,99999
2024-06-24,27.59842726592637,9.85916153183674,99999
2024-06-25,21.603677874994442,26.74661849038205,99999
2024-06-27,33.22491632263478,20.551423370065784,99999
2024-06-28,34.6882348479174,6.8642347994202115,99999
2024-06-30,23.311622210756774,0.8608381570027381,99999
2024-07-01,15.937943093730803,10.367663688737363,99999
2024-07-03,31.728353193423544,12.924642294345233,99999
2024-07-04,33.50884931855794,15.656501305809027,99999
2024-07-05,25.697951079090775,11.429417102274744,99999
2024-07-06,28.278002201835278,4.180597883442067,99999
2024-07-07,22.644421766534613,5.513222100712828,99999
2024-07-08,27.46950562390889,8.340376993637273,99999
2024-07-09,29.563264989262333,8.634133695437507,99999
2024-07-10,35.42264088878861,-18.47986085954521,99999
2024-07-11,29.554420354299406,4.412183130886309,99999
2024-07-12,29.750382744673928,8.546113182217407,99999
2024-07-13,24.401042548501376,19.759907677693406,99999
2024-07-14,22.766771512445867,-1.1066518418582838,99999
2024-07-16,32.46196949019463,18.64700789387529,99999
2024-07-17,31.411004033625094,-2.586570289646575,99999
2024-07-19,36.57343709151401,10.252252971534588,99999
2024-07-20,34.36010468141438,9.789108532276268,99999
2024-07-21,25.77777129095841,15.049810671367055,99999
2024-07-22,32.41063294540123,-4.21697088980258,99999
2024-07-23,27.325473369834494,20.872680260470823,99999
2024-08-17,36.13846728388447,-0.5832310386917197,99999
2024-09-09,18.216544983490966,47.31266430060754,99999
2024-09-10,20.38769613268975,47.5386020559706,99999
2024-09-11,24.400178117766345,38.68676481371537,99999
2024-09-12,18.196547812126326,49.17695571664049,99999
2024-09-13,12.319138908031436,63.602562706187406,99999
2024-09-14,12.386231714198633,48.50997490152845,99999
2024-09-15,21.835116831724708,38.12988721748763,99999
2024-09-16,10.604981450364164,37.689185360259465,99999
2024-09-17,23.30294338521501,41.14152823176544,99999
2024-09-18,34.04352589409554,38.037140868284695,99999
2024-09-19,29.74971276044372,38.719880433614996,99999
2024-09-21,20.872613423429197,42.78542719157573,99999
2024-09-22,27.64000247072363,43.80728336629794,99999
2024-09-23,16.034092894018347,54.765897317601734,99999
2024-09-24,33.73771127953404,48.650174091759396,99999
2024-09-25,29.955359532422623,30.31980035052377,99999
2024-09-26,20.268304319082237,46.48813864354525,99999
2024-09-27,22.793766984930443,53.52783623589277,99999
2024-09-28,22.31838501293897,44.718683391433494,99999
2024-09-29,27.047785426162196,43.27773000420021,99999
2024-09-30,22.30904314772955,41.99595442093603,99999
2024-10-01,20.698941613357807,52.05179244141468,99999
2024-10-03,25.96913918523071,46.55715330248521,99999
2024-10-04,26.945352072530376,47.872107300202615,99999
2024-10-05,18.729216201849912,33.29113366165196,99999
2024-10-06,11.32048127341806,48.9933492049037,99999
2024-10-07,31.96317230418394,35.05506516072795,99999
2024-10-08,25.365590905094184,46.33745675182625,99999
2024-10-09,15.362956643172545,51.12882300074921,99999
2024-10-10,28.076985405054522,40.410126858160126,99999
2024-10-11,21.809412993982246,48.069115145771875,99999
2024-10-12,25.844244349313158,38.166595612993646,99999
2024-10-13,21.600283647140895,52.5468840498401,99999
2024-10-14,14.819268403674325,51.5532035473287,99999
2024-10-15,25.736709873162823,43.343059360717504,99999
2024-10-16,26.008156042317403,35.38332798907742,99999
2024-10-17,12.12072269486337,56.104054783734455,99999
2024-10-18,26.122966996796624,45.66509291347492,99999
2024-10-19,10.972654402223343,51.83729016276717,99999
2024-10-20,22.31574809565091,40.51539107939619,99999
2024-10-21,17.640958591134485,54.53299660651649,99999
2024-10-22,14.875103660908472,57.34865089020908,99999
2024-10-23,33.15158595837161,35.61225267506241,99999
2024-10-24,26.74088086068525,36.61522416559138,99999
2024-10-25,22.612296823432924,48.99878487620416,99999
2024-10-26,19.89326609624894,31.603482272047707,99999
2024-10-28,32.47959371890062,-17.147682359998498,99999
2024-10-29,33.309644824529116,-6.80247214156004,99999
2024-10-30,33.39292966668522,-14.917155244871717,99999
2024-10-31,29.219102442670177,-14.988100835642868,99999
2024-11-02,32.502646495074366,-15.140286380799886,99999
2024-11-03,34.37796332521165,-16.452478499420618,99999
2024-11-04,32.90634340220379,-2.9017922030322456,99999
2024-11-05,32.121448016998976,-19.166952948448106,99999
2024-11-06,30.436943068197255,-10.659458213152849,99999
2024-11-07,25.92855724877412,-12.057837043141323,99999
2024-11-08,34.01764181435309,-17.197956046894866,99999
2024-11-09,29.756407463487296,-9.666335430750586,99999
2024-11-10,32.06283156217287,-23.915009555561124,99999
2024-11-11,32.242751295130624,-21.94711359440301,99999
2024-11-12,28.824589455668455,-16.343755090935144,99999
2024-11-13,31.63774641150811,-11.971917385740944,99999
2024-11-14,27.112023481437156,-10.804830197203003,99999
2024-11-15,33.962272631418145,-21.285150589335167,99999
2024-11-16,32.103298089671235,-20.262639058379055,99999
2024-11-17,32.711118865929166,-16.078308899056818,99999
2024-11-18,32.89257943716305,-19.58600111496142,99999
2024-11-19,34.30618548347395,-20.047865566991668,99999
2024-11-20,32.73757879070505,-16.67610794965708,99999
2024-11-21,28.603699977920723,-2.991409473427975,99999
2024-11-22,24.875113926029737,-9.337361914173055,99999
2024-11-23,29.657600105282796,-27.04150024997486,99999
2024-11-24,33.18696949935076,-22.162192430158903,99999
2024-11-25,31.53641371087709,-14.64716610662263,99999
2024-11-26,33.72925031546182,-16.799837690734034,99999
2024-11-27,28.551195438035865,-12.003124194153699,99999
2024-11-28,32.221019748390816,-17.987803885485985,99999
2024-11-29,30.114261409678353,-13.71637843781859,99999
2024-11-30,23.93026217452,-18.21309099166233,99999
2024-12-01,22.223776926077967,-24.460962014019884,99999
2024-12-02,23.128706571105987,-16.496215146560388,99999
2024-12-03,19.457366061884077,-13.110935664335127,99999
2024-12-04,23.41784935335088,-20.837356476095998,99999
2024-12-05,19.403906087872553,-10.062355053977925,99999
2024-12-06,24.23324848915395,-15.01052180758508,99999
2024-12-07,18.02517814791637,-2.1430102756332534,99999
2024-12-08,21.45285193192541,-24.112129299710343,99999
2024-12-09,31.974811559390808,-32.46052325704221,99999
2024-12-10,22.67103957277128,-29.63352892005622,99999
2024-12-11,15.96571904862799,-5.666320725100713,99999
2024-12-12,17.888651137304365,-10.843091172321024,99999
2024-12-13,14.654930242414178,-6.53012662088898,99999
2024-12-14,24.296375125495253,-34.3907461631914,99999
2024-12-15,22.254217580555196,-8.108307065220282,99999
2024-12-16,28.713259285192784,-19.923111082412138,99999
2024-12-17,22.98745024368089,3.5394828930883655,99999
2024-12-18,23.15743655256109,-23.529536684809564,99999
2024-12-19,25.831180827645902,-29.63288828268385,99999
2024-12-20,27.82611544364675,-32.6705154611646,99999
2024-12-21,23.347847623993697,2.132141112649858,99999
2024-12-22,26.133866532477203,-21.598658935871704,99999
2024-12-23,26.75978798138994,-1.1279911028738816,99999
2024-12-24,26.81856192940309,-26.713167313256996,99999
2024-12-25,26.646598871949973,-18.490755111390193,99999
2024-12-26,15.17654746848461,-14.871742613074975,99999
2024-12-27,24.857794215111863,-20.602418127013394,99999
2024-12-28,27.653974160987868,-30.791506807595503,99999
2024-12-29,23.122838408141146,-32.32323020909952,99999
2024-12-30,18.864109942262836,-4.996673790422426,99999
2024-12-31,16.992119330230516,-12.751891190115561,99999
2024-01-01,16.25116539001465,9.733718872070312,88888
2024-01-02,15.72640323638916,20.48736000061035,88888
2024-01-03,16.123149871826172,61.8879508972168,88888
2024-01-04,13.955501556396484,3.6273910999298096,88888
2024-01-06,20.332399368286133,17.920833587646484,88888
2024-01-08,15.516280174255371,33.5215950012207,88888
2024-01-09,32.184959411621094,45.2625846862793,88888
2024-01-11,14.650272369384766,23.343168258666992,88888
2024-01-12,14.674623489379883,24.073518753051758,88888
2024-01-13,32.40431594848633,46.99443054199219,88888
2024-01-14,14.523731231689453,25.972368240356445,88888
2024-01-15,16.033538818359375,63.47425842285156,88888
2024-01-16,13.654284477233887,3.8214876651763916,88888
2024-01-17,14.644314765930176,20.612215042114258,88888
2024-01-18,12.995559692382812,1.2722692489624023,88888
2024-01-19,16.031566619873047,6.2302470207214355,88888
2024-01-20,19.250125885009766,16.878768920898438,88888
2024-01-21,14.895752906799316,6.819831371307373,88888
2024-01-22,31.08088493347168,43.8373908996582,88888
2024-01-23,15.698209762573242,1.899308204650879,88888
2024-01-24,24.95652961730957,29.84621810913086,88888
2024-01-25,15.098217964172363,30.359272003173828,88888
2024-01-26,14.966490745544434,41.88111877441406,88888
2024-01-27,16.491056442260742,9.717245101928711,88888
2024-01-28,15.062827110290527,31.456710815429688,88888
2024-01-30,15.142134666442871,19.279401779174805,88888
2024-01-31,25.704036712646484,32.052852630615234,88888
2024-02-01,35.75275421142578,53.122440338134766,88888
2024-02-02,15.38558292388916,57.518924713134766,88888
2024-02-03,16.08061981201172,65.62482452392578,88888
2024-02-05,25.21640396118164,31.124359130859375,88888
2024-02-06,14.837101936340332,29.148597717285156,88888
2024-02-07,15.083471298217773,7.2184834480285645,88888
2024-02-08,15.278738021850586,2.4848227500915527,88888
2024-02-09,15.21345329284668,17.860498428344727,88888
2024-02-10,14.755041122436523,48.3010139465332,88888
2024-02-11,15.363581657409668,2.476893424987793,88888
2024-02-12,36.62052536010742,55.10020065307617,88888
2024-02-13,36.3056640625,54.585323333740234,88888
2024-02-14,15.518138885498047,19.783008575439453,88888
2024-02-15,15.583782196044922,13.741963386535645,88888
2024-02-17,19.308088302612305,16.4649658203125,88888
2024-02-18,14.81792163848877,28.43868064880371,88888
2024-02-19,14.774910926818848,37.472625732421875,88888
2024-02-20,22.05963897705078,23.193649291992188,88888
2024-02-21,15.619119644165039,15.21600341796875,88888
2024-02-22,15.1830472946167,17.2137508392334,88888
2024-02-23,14.905922889709473,28.498531341552734,88888
2024-02-24,25.567890167236328,31.4967041015625,88888
2024-02-27,15.318790435791016,38.398128509521484,88888
2024-02-28,15.15748119354248,30.32590675354004,88888
2024-02-29,24.71649169921875,29.541515350341797,88888
2024-03-01,14.986634254455566,50.83522415161133,88888
2024-03-03,23.550107955932617,26.92829132080078,88888
2024-03-04,15.180290222167969,52.2478141784668,88888
2024-03-05,14.858659744262695,0.2830926477909088,88888
2024-03-07,15.898636817932129,19.17165184020996,88888
2024-03-08,15.869933128356934,18.468971252441406,88888
2024-03-10,30.2397518157959,41.752662658691406,88888
2024-03-11,15.141766548156738,29.224382400512695,88888
2024-03-13,17.50897979736328,13.033987998962402,88888
2024-03-15,12.401165962219238,2.7244060039520264,88888
2024-03-16,13.9677095413208,2.471985101699829,88888
2024-03-17,12.738616943359375,2.6906521320343018,88888
2024-03-18,14.608073234558105,8.758869171142578,88888
2024-03-19,33.19671630859375,48.725685119628906,88888
2024-03-20,14.7700834274292,12.912886619567871,88888
2024-03-21,14.950392723083496,54.417259216308594,88888
2024-03-22,15.405810356140137,15.50014877319336,88888
2024-03-24,24.537288665771484,30.444808959960938,88888
2024-03-25,15.923861503601074,63.16486358642578,88888
2024-03-27,15.368314743041992,25.340648651123047,88888
2024-03-28,15.554594993591309,19.295799255371094,88888
2024-03-29,14.90076732635498,38.35663604736328,88888
2024-03-30,13.572840690612793,3.240344285964966,88888
2024-03-31,15.323923110961914,16.102373123168945,88888
2024-04-01,31.24559211730957,44.00431442260742,88888
2024-04-02,15.108284950256348,55.292022705078125,88888
2024-04-03,27.358572006225586,35.938297271728516,88888
2024-04-05,14.865229606628418,44.382389068603516,88888
2024-04-06,14.889798164367676,26.685091018676758,88888
2024-04-07,19.61344337463379,17.733129501342773,88888
2024-04-08,14.88991641998291,32.08770751953125,88888
2024-04-09,15.290083885192871,13.677407264709473,88888
2024-04-10,22.19318199157715,24.628803253173828,88888
2024-04-11,14.765325546264648,1.580581545829773,88888
2024-04-12,23.43359375,26.261005401611328,88888
2024-04-13,16.49749755859375,5.270125389099121,88888
2024-04-14,14.340697288513184,38.230308532714844,88888
2024-04-15,14.667448043823242,18.885940551757812,88888
2024-04-16,15.528313636779785,69.36985778808594,88888
2024-04-17,13.940427780151367,7.824527740478516,88888
2024-04-18,27.255084991455078,36.39421081542969,88888
2024-04-20,14.707842826843262,34.62834930419922,88888
2024-04-21,13.810870170593262,4.838195323944092,88888
2024-04-22,15.315712928771973,3.3448572158813477,88888
2024-04-23,15.424880027770996,4.630242824554443,88888
2024-04-24,17.298934936523438,13.766709327697754,88888
2024-04-25,14.426695823669434,44.599822998046875,88888
2024-04-26,14.21192741394043,30.609312057495117,88888
2024-04-27,26.88482093811035,36.13364791870117,88888
2024-04-28,15.833608627319336,9.118224143981934,88888
2024-04-30,18.076187133789062,14.653532028198242,88888
2024-05-01,14.470026016235352,19.189821243286133,88888
2024-05-02,20.352773666381836,20.37447738647461,88888
2024-05-03,14.94234848022461,19.026165008544922,88888
2024-05-04,14.982531547546387,41.547203063964844,88888
2024-05-05,14.15345573425293,5.1310577392578125,88888
2024-05-06,13.849037170410156,6.665724277496338,88888
2024-05-07,13.645916938781738,29.2042293548584,88888
2024-05-08,14.345850944519043,11.50197696685791,88888
2024-05-09,13.876017570495605,39.15703582763672,88888
2024-05-10,14.137813568115234,18.801380157470703,88888
2024-05-11,12.479485511779785,1.1040012836456299,88888
2024-05-12,15.097711563110352,6.689999580383301,88888
2024-05-13,20.803844451904297,22.21808624267578,88888
2024-05-14,13.526409149169922,22.509614944458008,88888
2024-05-15,12.354462623596191,3.115119457244873,88888
2024-05-16,14.71625804901123,11.030790328979492,88888
2024-05-17,11.065683364868164,0.9195830225944519,88888
2024-05-18,15.193641662597656,4.4455246925354,88888
2024-05-19,15.356799125671387,5.977016925811768,88888
2024-05-20,21.227333068847656,21.01633644104004,88888
2024-05-21,19.312381744384766,16.19109535217285,88888
2024-05-22,14.21082878112793,47.20249557495117,88888
2024-05-23,15.633695602416992,8.843379020690918,88888
2024-05-24,12.453768730163574,0.9711074829101562,88888
2024-05-25,13.62198257446289,36.63728332519531,88888
2024-05-26,13.111701011657715,1.0467946529388428,88888
2024-05-27,21.455434799194336,22.607994079589844,88888
2024-05-28,15.784933090209961,9.431404113769531,88888
2024-05-29,14.116253852844238,0.4082220196723938,88888
2024-05-30,15.247049331665039,35.093116760253906,88888
2024-05-31,15.472491264343262,29.024946212768555,88888
2024-06-01,15.049071311950684,39.35169219970703,88888
2024-06-02,24.609989166259766,29.557836532592773,88888
2024-06-03,14.722723960876465,6.651211738586426,88888
2024-06-04,14.202326774597168,5.137386322021484,88888
2024-06-05,15.697306632995605,13.0220308303833,88888
2024-06-06,14.641352653503418,0.2902751863002777,88888
2024-06-07,15.011170387268066,6.5697221755981445,88888
2024-06-08,16.581300735473633,7.124608516693115,88888
2024-06-09,15.9469633102417,15.465950965881348,88888
2024-06-10,16.004409790039062,19.105138778686523,88888
2024-06-11,18.352130889892578,15.989356994628906,88888
2024-06-12,15.996299743652344,9.939876556396484,88888
2024-06-13,27.586828231811523,34.95404052734375,88888
2024-06-14,15.710312843322754,49.18855667114258,88888
2024-06-15,16.47112464904785,37.61722946166992,88888
2024-06-16,21.219255447387695,18.232755661010742,88888
2024-06-17,16.470294952392578,1.6816266775131226,88888
2024-06-18,24.527347564697266,26.713489532470703,88888
2024-06-19,23.72820472717285,1.1428515911102295,88888
2024-06-20,24.776187896728516,2.0857505798339844,88888
2024-06-21,24.098445892333984,0.6309162974357605,88888
2024-06-22,22.8452091217041,0.6344889402389526,88888
2024-06-23,23.341114044189453,5.382053852081299,88888
2024-06-24,21.030426025390625,4.462507247924805,88888
2024-06-25,21.633277893066406,6.169594764709473,88888
2024-06-26,20.08270263671875,2.039355754852295,88888
2024-06-27,18.63379669189453,0.883873462677002,88888
2024-06-28,24.280672073364258,2.4639995098114014,88888
2024-06-29,23.83241844177246,1.2596590518951416,88888
2024-06-30,23.310083389282227,3.959216356277466,88888
2024-07-01,19.924842834472656,6.446224689483643,88888
2024-07-02,24.102991104125977,4.855775356292725,88888
2024-07-03,23.30164909362793,1.9763975143432617,88888
2024-07-04,19.77504539489746,2.9590888023376465,88888
2024-07-05,16.692874908447266,1.4117683172225952,88888
2024-07-06,22.299161911010742,5.32002592086792,88888
2024-07-07,22.52451515197754,1.706690788269043,88888
2024-07-08,19.515356063842773,0.33043521642684937,88888
2024-07-09,21.196901321411133,4.70460319519043,88888
2024-07-10,22.549076080322266,3.573719024658203,88888
2024-07-11,20.63215446472168,0.7233350872993469,88888
2024-07-12,21.335407257080078,14.475893020629883,88888
2024-07-13,21.62251853942871,2.601801872253418,88888
2024-07-14,20.159835815429688,4.660071849822998,88888
2024-07-15,20.68313980102539,4.745888710021973,88888
2024-07-16,21.696687698364258,6.49783992767334,88888
2024-07-17,19.826597213745117,1.6208289861679077,88888
2024-07-18,17.58513641357422,3.855729579925537,88888
2024-07-19,20.621646881103516,4.567989826202393,88888
2024-07-20,22.11319351196289,0.5843919515609741,88888
2024-07-21,22.719314575195312,1.4216787815093994,88888
2024-07-22,23.23952865600586,2.814192771911621,88888
2024-07-23,21.68627166748047,0.3166380226612091,88888
2024-07-24,22.94106101989746,3.588418960571289,88888
2024-07-25,22.334875106811523,1.6670668125152588,88888
2024-07-26,22.814542770385742,7.091956615447998,88888
2024-07-27,21.4503231048584,3.180769443511963,88888
2024-07-28,18.505064010620117,0.4161391258239746,88888
2024-07-29,21.136554718017578,5.34462833404541,88888
2024-07-30,22.29781150817871,2.6853747367858887,88888
2024-07-31,20.16785430908203,0.6077548861503601,88888
2024-08-01,22.28641700744629,0.8579509258270264,88888
2024-08-02,21.83420181274414,0.34997719526290894,88888
2024-08-03,21.8947811126709,3.3260021209716797,88888
2024-08-04,22.308265686035156,4.48536491394043,88888
2024-08-05,20.565366744995117,0.6985058188438416,88888
2024-08-06,20.64809799194336,1.234603762626648,88888
2024-08-07,21.380586624145508,0.5505090951919556,88888
2024-08-08,21.822223663330078,0.9822690486907959,88888
2024-08-09,23.475317001342773,2.8684446811676025,88888
2024-08-10,23.38871955871582,2.802738904953003,88888
2024-08-11,18.477096557617188,0.7844854593276978,88888
2024-08-12,20.324264526367188,8.772025108337402,88888
2024-08-13,17.448650360107422,0.5192804932594299,88888
2024-08-14,20.141340255737305,4.78147554397583,88888
2024-08-15,14.64089584350586,3.817716360092163,88888
2024-08-16,15.21367359161377,0.42569592595100403,88888
2024-08-17,21.903804779052734,1.4893485307693481,88888
2024-08-18,21.771841049194336,1.124190092086792,88888
2024-08-19,19.544557571411133,1.674141764640808,88888
2024-08-20,18.99034881591797,0.6016871929168701,88888
2024-08-21,21.658451080322266,1.1040716171264648,88888
2024-08-22,21.627033233642578,1.3893003463745117,88888
2024-08-23,22.21411895751953,1.536473035812378,88888
2024-08-24,21.384849548339844,1.2037415504455566,88888
2024-08-25,21.211753845214844,0.8563321232795715,88888
2024-08-26,21.5780086517334,1.1330138444900513,88888
2024-08-27,22.49188232421875,0.8590482473373413,88888
2024-08-28,21.96953010559082,0.5948455929756165,88888
2024-08-29,20.578662872314453,1.241383671760559,88888
2024-08-30,20.024621963500977,0.8654640316963196,88888
2024-08-31,20.663576126098633,0.64573073387146,88888
2024-09-01,21.143054962158203,0.6242854595184326,88888
2024-09-02,21.645626068115234,1.1733092069625854,88888
2024-09-03,21.772146224975586,1.6718249320983887,88888
2024-09-04,22.392955780029297,1.2184398174285889,88888
2024-09-05,21.96459197998047,0.7424805760383606,88888
2024-09-06,20.198293685913086,0.49234527349472046,88888
2024-09-07,20.320846557617188,0.5718249082565308,88888
2024-09-08,22.51719093322754,0.777029812335968,88888
2024-09-09,22.875102996826172,0.9378080368041992,88888
2024-09-10,23.547334671020508,1.0992110967636108,88888
2024-09-11,22.68229866027832,0.5519928336143494,88888
2024-09-12,16.98663902282715,0.2919032871723175,88888
2024-09-13,18.07457160949707,1.3390803337097168,88888
2024-09-14,22.383512496948242,0.7919761538505554,88888
2024-09-15,22.355714797973633,0.7468318939208984,88888
2024-09-16,20.896652221679688,1.1214967966079712,88888
2024-09-17,20.481916427612305,0.7195161581039429,88888
2024-09-18,19.545743942260742,0.759367048740387,88888
2024-09-19,20.559995651245117,1.4344398975372314,88888
2024-09-20,21.427364349365234,1.6959335803985596,88888
2024-09-21,20.60860824584961,1.1817573308944702,88888
2024-09-22,21.90805435180664,0.8806943893432617,88888
2024-09-23,22.515371322631836,0.5973082184791565,88888
2024-09-24,20.003948211669922,0.6232194304466248,88888
2024-09-25,19.33909797668457,0.4100458025932312,88888
2024-09-26,20.946462631225586,0.42020514607429504,88888
2024-09-27,21.159725189208984,0.5360085368156433,88888
2024-09-28,21.4422550201416,0.4603012800216675,88888
2024-09-29,21.404598236083984,0.5078548789024353,88888
2024-09-30,21.7264461517334,0.4701988399028778,88888
2024-10-01,21.521955490112305,0.36512136459350586,88888
2024-10-02,22.176528930664062,0.371664822101593,88888
2024-10-03,22.097179412841797,0.334078311920166,88888
2024-10-04,22.304304122924805,0.34279200434684753,88888
2024-10-05,22.21079444885254,0.32466864585876465,88888
2024-10-06,22.749683380126953,0.3398449718952179,88888
2024-10-07,22.942888259887695,0.3950025737285614,88888
2024-10-08,21.708940505981445,0.4701809883117676,88888
2024-10-09,21.644174575805664,0.41665884852409363,88888
2024-10-10,22.738250732421875,0.4029577076435089,88888
2024-10-11,22.675241470336914,0.3774983882904053,88888
2024-10-12,23.04884910583496,0.401405394077301,88888
2024-10-13,23.15304183959961,0.4699922502040863,88888
2024-10-14,21.684890747070312,0.4301077723503113,88888
2024-10-15,21.757102966308594,0.4854769706726074,88888
2024-10-16,20.875547409057617,0.4330853819847107,88888
2024-10-17,22.424463272094727,0.34341779351234436,88888
2024-10-18,22.4794979095459,0.33410289883613586,88888
2024-10-19,22.798919677734375,0.4676341712474823,88888
2024-10-20,22.28969955444336,0.49238237738609314,88888
2024-10-21,22.148653030395508,0.41835692524909973,88888
2024-10-22,23.075637817382812,0.3855987787246704,88888
2024-10-23,22.931114196777344,0.3452196419239044,88888
2024-10-24,22.71528434753418,0.3522416055202484,88888
2024-10-25,22.77361488342285,0.35790765285491943,88888
2024-10-26,23.134700775146484,0.35737335681915283,88888
2024-10-27,22.99843978881836,0.3287646174430847,88888
2024-10-28,22.63796043395996,0.332309752702713,88888
2024-10-29,22.482118606567383,0.32934948801994324,88888
2024-10-30,21.802032470703125,0.33133623003959656,88888
2024-10-31,22.169574737548828,0.3930681049823761,88888
2024-11-01,22.96747398376465,0.3821306526660919,88888
2024-11-02,22.970998764038086,0.3986358046531677,88888
2024-11-03,22.30206871032715,0.39046433568000793,88888
2024-11-04,22.35194206237793,0.4064149558544159,88888
2024-11-05,22.43648338317871,0.41974011063575745,88888
2024-11-06,22.240190505981445,0.3529788553714752,88888
2024-11-07,23.725996017456055,0.3315611779689789,88888
2024-11-08,24.090410232543945,0.4315255880355835,88888
2024-11-09,23.306316375732422,0.4569299519062042,88888
2024-11-10,23.18093490600586,0.39156344532966614,88888
2024-11-11,22.69986915588379,0.42419764399528503,88888
2024-11-12,22.508012771606445,0.3633459210395813,88888
2024-11-13,22.85531234741211,0.337667316198349,88888
2024-11-14,22.769418716430664,0.3265136778354645,88888
2024-11-15,22.288602828979492,0.3263899087905884,88888
2024-11-16,22.42028045654297,0.3509570360183716,88888
2024-11-17,22.50326919555664,0.3549835681915283,88888
2024-11-18,22.465091705322266,0.34430861473083496,88888
2024-11-19,22.13546371459961,0.37382441759109497,88888
2024-11-20,22.10181427001953,0.3409815728664398,88888
2024-11-21,21.892379760742188,0.34496206045150757,88888
2024-11-22,22.419479370117188,0.5798293352127075,88888
2024-11-23,21.69287109375,0.5146417021751404,88888
2024-11-24,21.61526107788086,0.494367390871048,88888
2024-11-25,22.58437156677246,0.48598766326904297,88888
2024-11-26,22.21697425842285,0.3365885615348816,88888
2024-11-27,22.5684871673584,0.3240484595298767,88888
2024-11-28,22.70110321044922,0.35757142305374146,88888
2024-11-29,22.640859603881836,0.3624507784843445,88888
2024-11-30,22.696332931518555,0.35310691595077515,88888
2024-12-01,20.8048038482666,0.3380255699157715,88888
2024-12-02,20.782512664794922,0.3854900002479553,88888
2024-12-03,20.845529556274414,0.36537930369377136,88888
2024-12-04,20.78476905822754,0.3105767071247101,88888
2024-12-05,22.80084800720215,0.3277777433395386,88888
2024-12-06,22.879629135131836,0.3293820917606354,88888
2024-12-07,22.238325119018555,0.35499492287635803,88888
2024-12-08,22.15228843688965,0.3244360089302063,88888
2024-12-09,22.221294403076172,0.32796168327331543,88888
2024-12-10,22.359188079833984,0.32076528668403625,88888
2024-12-11,22.462299346923828,0.3391023874282837,88888
2024-12-12,22.558372497558594,0.39187920093536377,88888
2024-12-13,22.289337158203125,0.3417895436286926,88888
2024-12-14,22.434690475463867,0.3786340653896332,88888
2024-12-15,22.395427703857422,0.4214431345462799,88888
2024-12-16,22.53571128845215,0.49964311718940735,88888
2024-12-17,22.291723251342773,0.48396745324134827,88888
2024-12-18,22.274160385131836,0.46162962913513184,88888
2024-12-19,22.315658569335938,0.42245548963546753,88888
2024-12-20,22.32522964477539,0.409064918756485,88888
2024-12-21,21.65953254699707,0.46085965633392334,88888
2024-12-22,21.996206283569336,0.704848051071167,88888
2024-12-23,21.982845306396484,0.5873181819915771,88888
2024-12-24,22.087068557739258,0.5353860855102539,88888
2024-12-25,22.594945907592773,0.5561617016792297,88888
2024-12-26,22.256404876708984,0.3713281750679016,88888
2024-12-27,23.690614700317383,0.32882779836654663,88888
2024-12-28,23.80012321472168,0.3408930003643036,88888
2024-12-29,22.36690330505371,0.4108787178993225,88888
2024-12-30,22.425918579101562,0.423112154006958,88888
2024-12-31,18.733644485473633,0.47036534547805786,88888
